{
	"version":"1.0.0",
	"language":"Français",
		
	"failed": "failed",	
	"mute_mode": "mute mode",	
	"service":"Service",
	"sleep_param":"Wake me up in",
	"starting":"Démarrage",
	"states":"Etats",
	"state_ok":"Opérationnel",
	"state_stpd":"Stoppé",
	"state_rst":"Redémarré",
	"success":"success",
	
	"det_os": "OS détecté",
	"init_time": "Initialisation à",
	"lnch_tests":"Lancement des tests",
	"modify_conf":"veuillez modifier le fichier de configuration",
	"time":"Il est",
	"typeof":"de type",	
	
	"load_cfg":"Chargement de la configuration",
	"load_newcfg":"Chargement d'une nouvelle configuration",
	"load_lang":"Langage chargé",
	"load_newlang":"Chargement d'un nouveau langage",
	
	"repr_conf":"Représentation de la configuration:",
	"repr_params":"Représentation des Paramètres:",
	"repr_alerts":"Représentation des Alertes:",
	"repr_mails":"Représentation paramètres mail:",
	
	"err_cfgload":"Erreur de chargement de la nouvelle configuration, chargement refusé",
	"err_langload":"Erreur de chargement du nouveau langage, chargement refusé",
	"err_unknownservice":"Le service est inconnu",
	"err_value":"La valeur entrée ne correspond pas à ce qui est attendu",
	
	"alert_handl":"Traitement de l'alerte",
	"alert_stopped":"Arrêt du serveur",
	"alert_ctrlc":"Le serveur n'est plus surveillé ou a été redémarré.",
	
	"mail_from":"Message de",
	"mail_supactivated":"Supervision activée",
	"mail_state":"Etat du serveur",
	"mail_wservice":"Attention, le service",
	"mail_isrestarted":"est redémarré",
	"mail_isstopped":"est stoppé",
	"mail_sign":"Mail généré par",
	"mail_testsok":"Test des mails: success",
	"mail_testsfail":"Test des mails: failed",
	"mail_rsignal":"Réception d'un signal",
	"mail_type_function": "Fonction",
	
	"next_exec": "Réglage de l'éxécution de",
	"next_execset":"Réglage de la prochaine éxécution :",
	
	"service_nextchk":"Prochain check du service",
	"service_test":"Test du nom pour le service",
	
	"warning_nowtch":"Le serveur n'est plus surveillé ou a été redémarré.",
	"warning_mutemode":"Le serveur ne peut pas envoyer de mails",
	
	
	
	"destruct":"Destruction de l'objet"
	
	
	
}